"Episode","A","B","AtoB (bit/s)","BtoA (bit/s)"
2,"192.168.0.112:51797","192.168.0.109:3000",2218.876215709716,1003.9742802675369
2,"192.168.0.112:51796","192.168.0.109:3000",1328.3358396115812,527.7996048532258
2,"192.168.0.112:51795","192.168.0.109:3000",1106.3431697545302,670.3138028512742
3,"192.168.0.112:51797","192.168.0.109:3000",2168.596512371717,960.1948078034369
3,"192.168.0.112:51796","192.168.0.109:3000",1288.9141160546656,719.5563899925775