"Episode","A","B","AtoB (bit/s)","BtoA (bit/s)"
1,"127.0.0.1:48478","127.0.0.1:1883",1835.0011011175816,3587.311538106806
2,"127.0.0.1:48600","127.0.0.1:1883",1832.8548267860183,3583.2200038064993
39,"127.0.0.1:52648","127.0.0.1:1883",950.5185668968195,2610.4724677596146
39,"127.0.0.1:52848","127.0.0.1:1883",477.5123325794338,1301.9243258188994
40,"127.0.0.1:52848","127.0.0.1:1883",477.2328705127797,1307.0482019297742