"Episode","A","B","AtoB (bit/s)","BtoA (bit/s)"
2,"127.0.0.1:45252","127.0.0.1:1883",1063.0323679727428,1985.519591141397
3,"127.0.0.1:45356","127.0.0.1:1883",1101.5386756026576,2164.117667520842
4,"127.0.0.1:45650","127.0.0.1:1883",1163.2505174486132,2385.0511952303605