A,B,AtoB (bits/s),BtoA (bit/s)
192.168.0.122:64680,192.168.0.110,2658.889549697774,226.603939086806