Episode,A,B,AtoB (bit/s),BtoA (bit/s)
1,192.168.0.122:53974,192.168.0.110:1883,2919.28517104732,206.147984188573
