A,B,AtoB (bits/s),BtoA (bit/s)
192.168.0.122:61425,192.168.0.110,2348.670274133376,227.14959113965264