A,B,AtoB (bits/s),BtoA (bit/s)
192.168.0.122:63614,192.168.0.110,3297.6800690602563,148.6978313545724