A,B,AtoB (bits/s),BtoA (bit/s)
192.168.0.100:50968,192.168.0.110,3470.7214927864798,196.19648615856153