"Episode","A","B","AtoB (bit/s)","BtoA (bit/s)"
1,"192.168.0.100:55098","192.168.0.110:1883",1651.2380279641825,182.65389649512807
1,"127.0.0.1:57724","127.0.0.1:1883",192.67215090073339,863.4875298963484