A,B,AtoB (bits/s),BtoA (bit/s)
192.168.0.100:52779,192.168.0.110,523.1730122887872,66.4119089588585