A,B,AtoB (bits/s),BtoA (bit/s)
192.168.0.100:59426,192.168.0.110,569.2901554034555,99.46815372125745