A,B,AtoB (bits/s),BtoA (bit/s)
10.42.0.100:60877,10.42.0.1,4655.653438611809,1307.6783394383833