A,B,AtoB (bits/s),BtoA (bit/s)
10.42.0.100:60868,10.42.0.1,4652.891766090024,1328.544907468292