A,B,AtoB (bits/s),BtoA (bit/s)
10.42.0.100:60723,10.42.0.1,2424.4081260943067,674.9697350974715
,10.42.0.1,NaN,NaN