"Episode","A","B","AtoB (bit/s)","BtoA (bit/s)"
1,"10.42.0.100:46562","10.42.0.1:3000",2337.4203578237534,646.9503708382647