A,B,AtoB (bits/s),BtoA (bit/s)
10.42.0.100:60744,10.42.0.1,2388.7525558889965,679.3846975983572