A,B,AtoB (bits/s),BtoA (bit/s)
10.42.0.100:60754,10.42.0.1,2695.355911150721,716.2962101461378