"Episode","A","B","AtoB (bit/s)","BtoA (bit/s)"
3,"127.0.0.1:52648","127.0.0.1:1883",950.5185668968195,2610.4724677596146
3,"127.0.0.1:52848","127.0.0.1:1883",477.5123325794338,1301.9243258188994
5,"127.0.0.1:52848","127.0.0.1:1883",477.2328705127797,1307.0482019297742