A,B,AtoB (bits/s),BtoA (bit/s)
10.42.0.212:35694,10.42.0.1,865.0915602001152,403.3135121061303
192.168.0.111:49346,10.42.0.1,1779.92167553614,827.174139507947
192.168.0.110:56192,10.42.0.1,4724.09526882148,1315.84532771719