A,B,AtoB (bits/s),BtoA (bit/s)
192.168.0.112:57838,10.42.0.1,1684.6427538574737,1023.6044852476167
192.168.0.111:50904,10.42.0.1,1071.3103594567904,650.4098947932451
192.168.0.110:56241,10.42.0.1,4706.995455340004,1330.1247425234624