A,B,AtoB (bits/s),BtoA (bit/s)
10.42.0.100:60749,10.42.0.1,2486.4092645335822,715.5483075012439