A,B,AtoB (bits/s),BtoA (bit/s)
10.42.0.100:60740,10.42.0.1,2415.3612161823366,697.2786706929874