A,B,AtoB (bits/s),BtoA (bit/s)
10.42.0.100:60748,10.42.0.1,2488.6004670650714,709.5590675342808