"Episode","A","B","AtoB (bit/s)","BtoA (bit/s)"
1,"10.42.0.100:60745","10.42.0.1:3000",2374.024515717432,658.0232582304862