A,B,AtoB (bits/s),BtoA (bit/s)
10.42.0.100:60756,10.42.0.1,2440.8954819954997,680.77167256911