A,B,AtoB (bits/s),BtoA (bit/s)
192.168.0.110:56273,10.42.0.1,3273.5245605870246,854.6589756089438
192.168.0.111:51074,10.42.0.1,1637.2476800368565,975.2694639636461
192.168.0.112:57839,10.42.0.1,1992.433503818134,1218.5358985305152