"Episode","A","B","AtoB (bit/s)","BtoA (bit/s)"
1,"192.168.0.100:49822","192.168.0.110:1883",1496.8293245876298,179.83800409015518
1,"127.0.0.1:57328","127.0.0.1:1883",152.53050874319828,621.4538538750066