A,B,AtoB (bits/s),BtoA (bit/s)
192.168.0.122:56856,192.168.0.110,4079.6809140484547,336.098257190263