Episode,A,B,AtoB (bit/s),BtoA (bit/s)
1,192.168.0.122:63614,192.168.0.110:1883,2742.30932428132,192.094515752625
