A,B,AtoB (bits/s),BtoA (bit/s)
192.168.0.122:60051,192.168.0.110,2350.15193411621,200.1816335498925