Episode,A,B,AtoB (bit/s),BtoA (bit/s)
1,192.168.0.100:50968,192.168.0.110:1883,1665.6746722935,187.397358441739
