Episode,A,B,AtoB (bit/s),BtoA (bit/s)
1,192.168.0.100:50199,192.168.0.110:1883,1709.80146063424,201.096567274285
