A,B,AtoB (bits/s),BtoA (bit/s)
10.42.0.100:60878,10.42.0.1,4521.074215107001,1322.4714805240212