A,B,AtoB (bits/s),BtoA (bit/s)
10.42.0.100:60813,10.42.0.1,4265.850461052259,1065.3771932144384