A,B,AtoB (bits/s),BtoA (bit/s)
10.42.0.100:60879,10.42.0.1,4364.814845163794,1252.2590989679077