A,B,AtoB (bits/s),BtoA (bit/s)
10.42.0.100:60864,10.42.0.1,4730.9962508466215,1318.468589759525