"Episode","A","B","AtoB (bit/s)","BtoA (bit/s)"
1,"10.42.0.100:60810","10.42.0.1:3000",4434.282501215154,1120.4829335560482