A,B,AtoB (bits/s),BtoA (bit/s)
192.168.0.126:53696,192.168.0.110,2796.2570070141824,418.3964315707894