Episode,A,B,AtoB (bit/s),BtoA (bit/s)
1,192.168.0.126:53696,192.168.0.110:1883,1629.4606355536,190.713180922446
