"Episode","A","B","AtoB (bit/s)","BtoA (bit/s)"
1,"192.168.0.126:53696","192.168.0.110:1883",4335.9721699370475,220.23889668968437
1,"127.0.0.1:54678","127.0.0.1:1883",199.4838156461228,2144.877728788843